Indicators,Investment Actually Completed in Fixed Assets Accumulated Growth Rate(%),Government Expenditure  Accumulated Growth Rate(%),Investment Actually Completed by Primary Industry Accumulated Growth Rate(%),Investment Actually Completed by Secondary Industry Accumulated Growth Rate(%),Source of Funds for Investment in Fixed Assets this year Accumulated Growth Rate(%),Source of Funds for Investment in Fixed Assets State Budget Accumulated Growth Rate(%),Source of Funds for Investment in Fixed Assets Demestic Loans Accumulated Growth Rate(%),Source of Funds for Investment in Fixed Assets Foreign Investment Accumulated Growth Rate(%),Source of Funds for Investment in Fixed Assets Self-financing Accumulated Growth Rate(%),Source of Funds for Investment in Fixed Assets Others Accumulated Growth Rate(%),Total Value of Exports Current Period(1000 US dollars),Total Value of Exports Growth Rate (The same period last year=100)(%),Total Value of Exports Accumulated(1000 US dollars),Total Value of Exports Accumulated Growth Rate(%),Interest Rates
Dec-24,3.2,3.6,2.6,12,-2.3,8.5,2.8,-16.4,1.6,-20.8,335627038,10.7,3577222028,5.9,2.9
Nov-24,3.3,2.8,2.4,12,-3.3,8.1,1.6,-18.4,1.4,-23.6,312310466,6.7,3240708326,5.4,2.9
Oct-24,3.4,2.7,2.5,12.2,-3.7,6.3,2.5,-22.6,1.9,-25.5,309058423,12.7,2926455405,5.1,2.9
Sep-24,3.4,2,2.3,12.3,-4.2,1.8,3.2,-25.6,2.4,-27.3,303712134,2.4,2617660293,4.3,2.9
Aug-24,3.4,1.5,2.9,12.1,-4.4,2.4,3.2,-17.2,2.4,-27.9,308647262,8.7,2314765892,4.6,2.9
Jul-24,3.6,2.5,3.3,12.5,-4.7,3.1,3.9,-28.1,2.6,-29.2,300556525,7,2006521332,4,2.9
Jun-24,3.9,2,3.1,12.6,-4.7,2.8,3.7,-41.9,3.9,-30.8,307854505,8.6,1707567002,3.6,2.9
May-24,4,3.4,3,12.5,-5.6,1.3,2.3,-10.4,4.2,-32.7,302348019,7.6,1400763016,2.7,2.9
Apr-24,4.2,3.5,1.9,13,-5.4,2,2.4,-76.1,6,-32.7,292453498,1.5,1099570361,1.5,2.9
Mar-24,4.5,2.9,1,13.4,-5.8,3.5,5.2,-76.6,4.3,-32.2,279681675,-7.5,807496550,1.5,2.9
Feb-24,4.2,6.7,-5.7,11.9,-6.2,3.4,8,-80.9,3.3,-29.9,220279326,5.6,528013944,7.1,2.9
Dec-23,3,5.4,-0.1,9,-1.4,9,5.1,-17.5,1.1,-13.4,303618345,2.3,3380024480,-4.6,2.9
Nov-23,2.9,4.9,-0.2,9,-1.3,12.3,5.2,-13.5,0.3,-12.2,291934500,0.5,3077381700,-5.2,2.9
Oct-23,2.9,4.6,-1.3,9,-1.3,13.9,4.3,-5,0.1,-12.2,274827000,-6.4,2791997600,-5.6,2.9
Sep-23,3.1,3.9,-1,9,-1.2,16.5,4.4,-5.9,-0.1,-11.7,299129677,-6.2,2520307791,-5.7,2.9
Aug-23,3.2,3.8,-1.3,8.8,-0.9,17.5,4.1,-2.2,-0.7,-9.6,284790965,-8.8,2223239357,-5.6,2.9
Jul-23,3.4,3.3,-0.9,8.5,-0.1,20.3,4.6,-5.9,-0.6,-7.5,281755999,-14.5,1944902508,-5,2.9
Jun-23,3.8,3.9,0.1,8.9,0.8,24.9,5.6,14.4,-1.1,-5,285321600,-12.4,1663429800,-3.2,2.9
May-23,4,5.8,0.1,8.8,2.5,33.7,6.3,-6.9,-0.9,-0.7,283484005,-7.5,1400339760,0.3,2.9
Apr-23,4.7,6.8,0.3,8.4,2.7,43.4,3.6,-5.4,-0.1,-2.3,295417981,8.5,1116956792,2.5,2.9
Mar-23,5.1,6.8,0.5,8.7,1.2,49.8,1.4,13.2,0.1,-7.9,315589337,14.8,821830961,0.5,2.9
Feb-23,5.5,7,1.5,10.1,-1.2,59.1,-3.9,-23.9,1.3,-13.7,214025811,-1.3,506301400,-6.8,2.9
Dec-22,5.1,6.1,0.2,10.3,0.5,39.3,-6,-19.8,9,-19.8,306078766,-9.9,3593601450,7,2.9
Nov-22,5.3,6.2,0.7,10.1,0.3,36.7,-8.3,-22.5,9.7,-20.1,295500770,-8.7,3288213216,9,2.9
Oct-22,5.8,6.4,1.4,10.8,1,38,-8.4,-29.9,10.8,-19.5,298371747,-0.3,2992248880,11.1,2.9
Sep-22,5.9,6.2,1.6,11,0.5,37.4,-9.8,-29.3,10.6,-19.6,322755333,5.7,2698594062,12.5,2.9
Aug-22,5.8,6.3,2.3,10.4,-0.7,36.2,-11,-38.5,10.2,-21.4,314920505,7.1,2375970258,13.5,2.9
Jul-22,5.7,6.4,2.4,10.4,-1.2,37.4,-13.2,-36.5,10.3,-22.1,332964256,18,2062684099,14.6,2.9
Jun-22,6.1,5.9,4,10.9,-1.7,36.4,-13.8,-36.1,10.7,-23,331264197,17.9,1732279883,14.2,2.9
May-22,6.2,5.9,5.8,11,-2.5,31.9,-13.8,-36.7,11.6,-25,308244886,16.9,1402569219,13.5,2.9
Apr-22,6.8,5.9,5.8,12.6,-1.6,29.7,-13.2,-35.1,13.5,-23.4,273619664,3.9,1094352236,12.5,2.9
Mar-22,9.3,8.3,6.8,16.1,0.7,34.7,-11.9,-36.4,15,-18,276084613,14.7,820921214,15.8,2.9
Feb-22,12.2,7,8.8,19.6,-1.3,33.9,-12.5,-4.9,13.2,-16.8,217416504,6.2,544702458,16.3,2.9
Dec-21,4.9,0.3,9.1,11.3,4.4,-3.8,-3.4,-10.9,5.8,7.5,340498780,20.9,3363959427,29.9,2.9
Nov-21,5.2,2.9,9.3,11.1,6,0.1,-2.4,-11.3,6.3,11,325525287,22,3026447448,31.1,2.9
Oct-21,6.1,2.4,11.1,11.3,6.8,-0.5,-2,-8.3,6.6,13.3,300221418,27.1,2701136167,32.3,2.9
Sep-21,7.3,2.3,14,12.2,8.3,1.2,-1.1,-8.8,7.5,16.2,305737341,28.1,2400823284,33,2.9
Aug-21,8.9,3.6,18.1,12.9,10.6,1,0.1,-5.3,9.5,20.1,294315479,25.6,2095141128,33.7,2.9
Jul-21,10.3,3.3,21.8,14.4,13.1,0,2.6,-5.1,11.3,25,282662343,19.3,1800874738,35.2,2.9
Jun-21,12.6,4.5,21.3,16.3,16.8,1.1,4.8,2.5,13.5,32.9,281417178,32.2,1518360276,38.6,2.9
May-21,15.4,3.6,28.7,18.1,20.5,1.4,7,0.6,15.2,42.8,263922347,27.9,1237597120,40.2,2.9
Apr-21,19.9,3.8,35.5,21.7,24.2,4.6,6.9,-0.2,17.6,51.6,263923793,32.3,973695500,44,2.9
Mar-21,25.6,6.2,45.9,27.8,30,10.5,11.3,-12.2,22.3,60.5,241134158,30.6,709978153,49,2.9
Feb-21,35,10.5,61.3,34.1,40.1,40.4,14.2,18.9,32,69.6,204855176,154.9,468874015,60.6,2.9
Dec-20,2.9,2.8,19.5,0.1,7.8,32.8,0.2,-4.4,7.5,7.3,281927726,18.1,2590645558,3.6,2.9
Nov-20,2.6,0.7,18.2,-0.7,6.9,31.4,0.9,-3.4,6.7,5.6,268074093,21.1,2316651274,2.5,2.9
Oct-20,1.8,-0.6,17.3,-2.1,6,31.6,-0.1,-6.9,5.9,4.6,237182561,11.4,2048577181,0.5,2.9
Sep-20,0.8,-1.9,14.5,-3.4,4.8,29.3,-0.6,-6,4.6,3.5,239757675,9.9,1811394619,-0.8,2.9
Aug-20,-0.3,-2.1,11.5,-4.8,3.7,28.5,-0.1,-1.8,3.2,2.1,235259186,9.5,1571636944,-2.3,2.9
Jul-20,-1.6,-3.2,7.7,-7.4,2.1,26.5,-0.2,-3.2,2.1,-1.2,237631279,7.2,1336377758,-4.1,2.9
Jun-20,-3.1,-5.8,3.8,-8.3,0,23,-1.3,-4.8,0.3,-3.9,213574174,0.5,1098746249,-6.2,2.9
May-20,-6.3,-2.9,0,-11.8,-3,22.5,-3.5,-3.6,-1.9,-9.2,206812825,-3.3,884988085,-7.7,2.9
Apr-20,-10.3,-2.7,-5.4,-16,-6.8,17.3,-3.6,11.2,-6.1,-14,200233629,3.5,678219965,-9,2.9
Mar-20,-16.1,-5.7,-13.8,-21.9,-11.9,5.1,-8.3,14.6,-11.4,-17.2,185146228,-6.6,478031766,-13.3,2.9
Feb-20,-24.5,-2.9,-25.6,-28.2,-19,-23.1,-11.4,-36.7,-20.7,-20.4,80380286,-17.2,291971162,-17.4,2.9
Dec-19,5.4,8.1,0.6,3.2,4.5,-0.9,2.4,33.9,1.7,11.9,238267589,7.9,2499028927,0.5,2.9
Nov-19,5.2,7.7,-0.1,2.4,4.1,2.7,2.3,32,1.2,10.7,221337434,-1.3,2260094505,-0.3,2.9
Oct-19,5.2,8.7,-2.4,2.3,4.2,3.8,3.7,36.4,1.1,10.3,212916095,-0.9,2037923161,-0.2,2.9
Sep-19,5.4,9.4,-2.1,2,4.7,4.2,4.8,42.1,1.8,10,218123102,-3.2,1825105773,-0.1,2.9
Aug-19,5.5,8.8,-3.4,2.1,4.5,5.6,4.5,36,1.5,9.7,214786135,-1,1607027826,0.4,2.9
Jul-19,5.7,9.9,-1.2,3.4,5,6.3,5.2,33.3,1.7,10.7,221553908,3.3,1392637735,0.6,2.9
Jun-19,5.8,10.7,-0.6,2.9,5.1,5.4,4.5,27.4,2.3,10.5,212835863,-1.3,1171153002,0.1,2.9
May-19,5.6,12.5,-2.3,3.2,5.1,5.3,2.7,31.6,2.2,11.7,213845417,1.1,958341376,0.4,2.9
Apr-19,6.1,15.2,-0.1,2.8,6.2,5.2,2.7,19.2,3.2,13.9,193481260,-2.7,744599088,0.2,2.9
Mar-19,6.3,15,3,4.2,5,6.1,3.3,17,2.7,9.9,198655790,14.2,551740641,1.4,2.9
Feb-19,6.1,14.6,3.7,5.5,3.3,15,2.4,36.1,0.6,5.4,135200630,-20.8,353180779,-4.6,2.9
Dec-18,5.9,8.7,12.9,6.2,3.2,0.1,-6.1,-2.7,3.9,8,221249124,-4.4,2487400743,9.9,2.9
Nov-18,5.9,6.8,12.2,6.2,3.3,2,-7,-4.3,3.2,10,227445523,5.4,2272300873,11.8,2.9
Oct-18,5.7,7.6,13.4,5.8,2.8,-0.7,-7,-6.4,2.5,10.6,217283435,15.6,2044843140,12.6,2.9
Sep-18,5.4,7.5,11.7,5.2,2.6,-1.3,-8.1,-11.5,2.3,10.8,226686815,14.5,1826644975,12.2,2.9
Aug-18,5.3,6.9,14.2,4.3,2.1,-1.2,-8.7,-10.8,2.1,9.8,217372208,9.8,1604261934,12.2,2.9
Jul-18,5.5,7.3,13.7,3.9,1.9,0.3,-10.1,-3.2,2.4,8.8,215565384,12.2,1387158383,12.6,2.9
Jun-18,6,7.8,13.5,3.8,1.3,3.8,-10.2,-3.7,2.1,6.5,216597141,11.2,1171658789,12.7,2.9
May-18,6.1,8.1,15.2,2.5,1.7,7.7,-7.8,-5.5,2,6.1,212869326,12.6,957054066,13.3,2.9
Apr-18,7,10.3,16.8,2.5,0.1,10.5,-6.3,-8,0.2,2.4,200035315,12.6,744726311,13.6,2.9
Mar-18,7.5,10.9,24.2,2,-0.1,12.7,-5.3,-18.1,-0.6,2.5,174121483,-2.7,545266277,14.1,2.9
Feb-18,7.9,16.7,27.8,2.4,1.4,17,-4,-11.2,1.5,3.2,171616391,44.5,372343311,24.4,2.9
Dec-17,7.2,7.7,11.8,3.2,4.8,7.8,9,-3.1,2.3,11.6,231796372,10.9,2263521997,7.9,2.9
Nov-17,7.2,7.8,11.4,2.6,4.4,9.5,9.3,-3.8,1.7,11.1,217382015,12.3,2039566277,8,2.9
Oct-17,7.3,9.8,13.1,2.7,3.6,9.8,9.6,-5.5,0.5,10.6,188979730,6.9,1820993456,7.4,2.9
Sep-17,7.5,11.4,11.8,2.6,3.3,9,8.6,-7.1,0.1,11.7,198231216,8.1,1632420370,7.5,2.9
Aug-17,7.8,13.1,12.2,3.2,2.8,6.9,7.7,-10,-0.9,14,199342432,5.5,1436638278,7.6,2.9
Jul-17,8.3,14.5,14.4,3.4,1.5,5.4,5.6,-10.7,-2.5,14.5,193601151,7.2,1240506913,8.3,2.9
Jun-17,8.6,15.8,16.5,4,1.4,3.8,6.3,-13.7,-3,16,196590894,11.3,1047272560,8.5,2.9
May-17,8.6,14.7,16.9,3.6,-0.1,1.5,2.8,-12.9,-4.6,16,191014115,8.7,853330596,8.2,2.9
Apr-17,8.9,16.3,19.1,3.5,-1.4,-0.1,0.9,-13.6,-7.1,19.2,179988316,8,662699684,8.1,2.9
Mar-17,9.2,21,19.8,4.2,-2.9,-7.1,-2,-5.3,-9.8,24.5,180600668,16.4,482755392,8.2,2.9
Feb-17,8.9,17.4,19.1,2.9,-8,-11.3,-1.4,-9.7,-19,25.4,120078967,-1.3,302812328,4,2.9
Nov-16,8.3,10.2,21.9,3.3,5.4,16.5,8.9,-20.4,-0.4,31.5,193546446,0.1,1888944599,-7.9,2.9
Oct-16,8.3,10,22,2.9,5.4,16.1,7.9,-20.2,-0.3,32.5,177867030,-7.3,1702552137,-8.2,2.9
Sep-16,8.2,12.5,21.8,3.3,5.9,17.9,8.4,-21,0,33.2,184498014,-10,1536871130,-7.5,2.9
Aug-16,8.1,12.7,21.5,3,6.2,20.3,9.3,-17.3,0.2,32.5,190592312,-2.8,1352930462,-7.1,2.9
Jul-16,8.1,13,20.6,3.5,7.5,21.1,10.9,-18,1.5,35,182642116,-4.4,1165014972,-7.6,2.9
Jun-16,9,15.1,21.1,4.4,8,21.8,12.4,-7.2,1.4,37.6,180183971,-4.8,984229001,-7.8,2.9
May-16,9.6,13.6,20.6,5.8,7.9,21.4,13.7,-18.5,1,37.8,181059364,-4.1,813807797,-7.3,2.9
Apr-16,10.5,12.4,21.7,7.3,8.1,22.9,11.4,-20.9,1.5,37.5,172757807,-1.8,636469408,-7.6,2.9
Mar-16,10.7,15.4,25.5,7.3,6.4,16.9,13.9,-25.6,-0.2,31.4,160813329,11.5,463931114,-9.6,2.9
Feb-16,10.2,12,34.3,7.9,0.9,10.9,1.8,-34.2,-3.1,15.5,126144745,-25.4,303307326,-17.8,2.9
Dec-15,10,15.8,31.8,8,7.7,15.6,-5.8,-29.6,9.5,10.1,223683502,-1.4,2274949842,-2.9,3.25
Nov-15,10.2,18.9,28.7,8.1,7.9,21.4,-4.3,-28.1,9.2,9.7,196463224,-6.8,2051406446,-3,3.25
Oct-15,10.2,18.1,28.1,8,7.3,21.1,-4.5,-28.6,8.5,8.7,192395789,-6.9,1855108340,-2.5,3.25
Sep-15,10.3,16.4,27.4,8,6.8,20.5,-4.4,-26.2,8.2,6.9,205554591,-3.7,1664115321,-1.9,3.25
Aug-15,10.9,14.8,28.5,8.5,6.8,21.1,-5.3,-25.7,8.4,6.5,196868247,-5.5,1460525784,-1.5,3.25
Jul-15,11.2,13.4,28.2,9,6.8,20.2,-4.2,-23.9,8.6,4.5,195096520,-8.3,1264823230,-0.8,3.25
Jun-15,11.4,11.8,27.8,9.3,6.3,18.6,-4.8,-30.9,8.6,2.4,191975441,2.8,1071871351,0.9,3.25
May-15,11.4,11.1,27.8,9.6,6,10.3,-6.3,-26.1,9.6,0.1,190057568,-2.5,880069405,0.6,3.25
Apr-15,12,13.8,26.4,9.8,6.5,7.2,-2.1,-28.9,10.2,-1.1,176330816,-6.4,690156552,1.6,3.25
Mar-15,13.5,7.8,32.8,11,6.8,11,-3.7,-33.5,11.3,-1.2,144568557,-15,513932580,4.7,3.25
Feb-15,13.9,10.5,36.3,11.5,6.7,14,0.2,-25.1,11,-2.2,169190546,48.3,369410752,15,3.25
Dec-14,15.7,8.2,33.9,13.2,10.6,14.1,8.6,-6.3,14.4,-5.1,227512544,9.7,2342746552,6.1,3.25
Nov-14,15.8,10.1,29.9,13.3,11.5,14,11.2,-7.6,14.8,-3.7,211662669,4.7,2115366752,5.7,3.25
Oct-14,15.9,11.3,28.9,13.4,12.4,14.3,11.2,-7.1,16,-3.4,206866715,11.6,1903840528,5.8,3.25
Sep-14,16.1,13.2,27.7,13.7,12.4,14.1,11.2,-7,16.1,-3,213687462,15.3,1697088751,5.1,3.25
Aug-14,16.5,13.9,26.3,13.7,12.8,12.2,12.6,-10.1,16.6,-2.7,208465863,9.4,1483463721,3.8,3.25
Jul-14,17,15,25.1,13.9,12.9,11.2,12.7,-9.7,16.6,-2.1,212891063,14.5,1275111245,3,3.25
Jun-14,17.3,15.8,24.1,14.3,13.2,15.5,12.9,-8.3,16.7,-1.8,186788537,7.2,1061863191,0.9,3.25
May-14,17.2,12.9,20.8,14,13,19.7,13.5,-10.4,16.1,-1.2,195472920,7,875198581,-0.4,3.25
Apr-14,17.3,9.6,21.2,14.5,12.5,18.5,11.9,-9.8,16,-1.8,188540548,0.9,679777847,-2.3,3.25
Mar-14,17.6,12.6,25.8,14.7,12.8,18.2,15.3,-6.2,15.6,-0.2,170107988,-6.6,491303221,-3.4,3.25
Feb-14,17.9,6,20.9,13.7,14.6,5.3,14.4,-9.6,17.8,7.7,114093694,-18.1,321213290,-1.6,3.25
Dec-13,19.6,10.9,32.5,17.4,20.1,17,14.4,-3.7,20.8,25.3,207742423,4.3,2210019089,7.9,3.25
Nov-13,19.9,9.3,31.7,17.3,20.2,15.4,17,-5.2,20.6,24.9,202204803,12.7,2002318725,8.3,3.25
Oct-13,20.1,10,30.6,17.6,20.2,16.3,16.3,-4.7,20.2,26.9,185405576,5.6,1800210813,7.8,3.25
Sep-13,20.2,8.8,31.1,17.1,20.4,16.6,16.6,-8.5,20.1,29.6,185643576,-0.3,1614862472,8,3.25
Aug-13,20.3,8.6,32,16.6,20.5,19.6,16.2,-4.4,19.6,32,190608317,7.2,1429259983,9.2,3.25
Jul-13,20.1,8.9,32.8,16,20.5,21.2,15.2,-6.3,19.2,35.3,185991317,5.1,1238733726,9.5,3.25
Jun-13,20.1,10.8,33.5,15.6,20.1,18.9,13,-8.4,18.6,39.5,174315796,-3.1,1052822615,10.4,3.25
May-13,20.4,13.2,31.1,15.7,20.2,21,12.8,-4.7,17.9,43.2,182766116,1,878562006,13.5,3.25
Apr-13,20.6,13.6,32.1,16.3,20.9,20.7,13.9,-0.2,18.3,44.3,187061474,14.7,695868437,17.4,3.25
Mar-13,20.9,12.1,31.4,16.2,19.6,21.8,11.1,6.3,17,42.8,182189999,10,508871059,18.4,3.25
Dec-12,20.6,15.1,32.2,20.2,18.6,29.7,8.4,-10.9,21.7,13.7,199229682,14.1,2048934762,7.9,3.25
Nov-12,20.7,17.9,30.5,21.1,18.8,31.3,9.8,-10.4,21.6,13.7,179380767,2.9,1849906263,7.3,3.25
Oct2012,20.7,19.6,32.3,21.9,18.6,27.6,9.3,-10.1,22.1,11.8,175571102,11.6,1670901318,7.8,3.25
Sep-12,20.5,21.1,32.2,22.4,18.2,27.4,8.8,-6.3,21.9,10.3,186349509,9.9,1495388843,7.4,3.25
Aug-12,20.2,21.8,31.5,22.6,17.6,26.9,7.1,-10.2,22,7.8,177973297,2.7,1309114857,7.1,3.25
Jul-12,20.4,23.4,28.8,23.4,17.2,30.5,6.7,-7.4,22,4.6,176940032,1,1131237113,7.8,3.25
Jun2012,20.4,21.3,28.6,23.7,17,26.7,5.8,-5.5,22.9,1.6,180204470,11.3,954375859,9.2,3.25
May-12,20.1,22.4,37.1,23.9,16.8,27.1,4.8,-0.7,23.9,-1.8,181140762,15.3,774404029,8.7,3.25
Apr-12,20.2,26.2,40.7,24.2,16.5,28.7,4.2,-3.3,24.2,-2.3,163251712,4.9,593240444,6.9,3.25
Mar-12,20.9,33.6,35.8,24.6,17.5,24.9,5,-1.9,26.7,-3,165658100,8.9,430016787,7.6,3.25
Feb-12,21.5,32.8,43.9,24.9,16.4,24.5,0.6,2.6,29.3,-4.8,114470693,18.4,264395323,6.9,3.25
Dec-11,23.8,21.2,25,27.3,20.3,10.8,3.5,8.2,28.6,9,174717651,13.4,1898599840,20.3,3.25
Nov-11,24.5,24.3,28.8,27,22.7,12.4,5.9,10.2,29.7,15.5,174464123,13.8,1724007327,21.1,3.25
Oct-11,24.9,27.2,28.2,26.9,22.9,13.1,6.7,12.7,29.4,16.7,157490772,15.9,1549705501,22,3.25
Sep-11,24.9,27.5,25.5,26.9,23.2,12.8,7.8,13.8,29.3,17.8,169673012,17.1,1392269836,22.7,3.25
Aug-11,25,29.2,23,27,23.3,13.1,9,14.1,29.4,17.3,173315697,24.5,1222628936,23.6,3.25
Jul-11,25.4,29.7,22.8,26.7,23.4,14.1,10.6,15.1,29.3,16.2,175128036,20.4,1049377982,23.4,3.25
Jun-11,25.6,31.4,20.6,27.1,23.5,13,12.7,13,29.7,14.2,161980774,17.9,874298541,24,3.25
May-11,25.8,30.9,15.6,26.3,21.3,10.9,10.9,12.5,27.8,11.4,157157191,19.4,712374855,25.5,3.25
Apr-11,25.4,27.4,12.6,24.6,20.6,7.8,10.9,14.9,27.2,11.5,155684084,29.9,555299866,27.4,3.25
Mar-11,25,26,10.8,24.8,19.2,-4.3,7.7,11.7,26.2,14.6,152199071,35.8,399642564,26.5,3.25
Feb-11,24.9,24.7,6.9,24.7,22.5,4.6,14.5,21.1,28.5,18.4,96736127,2.4,247469923,21.3,3.25
Dec-10,24.5,17.4,18.2,23.2,24.5,13.6,19.2,9.9,30.3,15.2,154148895,17.9,1577932252,31.3,2.79
Nov-10,24.9,27.3,16.6,22.7,25.8,14.2,24.8,6.7,29.6,19,153325762,34.9,1423844330,33,2.79
Oct-10,24.4,22.3,17.2,22.3,25.6,11.8,22.7,3.3,30.1,18.9,135978419,22.9,1270589601,32.7,2.79
Sep-10,24.5,20.6,17.7,22,26,12.3,23,5.2,30.3,20,144985285,25.1,1134635371,34,2.79
Aug-10,24.8,19.2,18.6,22.2,26.5,11.5,22.6,3.9,30.5,23.6,139302230,34.4,989738698,35.5,2.79
Jul-10,24.9,16.9,18.9,22.1,28.2,10.4,23.3,1.5,31.3,30.9,145519322,38.1,850489914,35.6,2.79
Jun-10,25.5,17,17.8,22.3,29.2,8.6,24.8,-2.2,30.7,40,137395578,43.9,705089725,35.2,2.79
May-10,25.9,14.2,16.1,22.4,33.8,10.1,33.1,-6.8,32.3,54.9,131760663,48.5,567743785,33.2,2.79
Apr-10,26.1,11.3,16.5,21.7,35.1,14.2,33.8,-9.5,31.9,63.2,119920666,30.5,436051879,29.2,2.79
Mar-10,26.4,11.9,9.7,22.4,38.7,25.3,41.2,-10.8,33.6,68.5,112111793,24.3,316168516,28.7,2.79
Feb-10,26.6,7.7,8.9,21,39.2,14.1,41.1,-11.8,29.9,85.6,94522714,45.7,204081750,31.4,2.79
Nov-09,32.1,22.7,51.5,26.1,39.2,69.8,46.4,-15.2,32.2,65.4,113653429,-1.2,1070980593,-18.8,2.79
Oct-09,33.1,23,54.1,26.8,39.9,76.3,49.2,-12.9,32.9,61.5,110762383,-13.8,957360575,-20.5,2.79
Sep-09,33.3,24.1,54.8,26.9,39.4,77.7,48,-13.1,33.1,57.9,115937994,-15.2,846649410,-21.3,2.79
Aug-09,33,22.7,60.4,27,39.1,82.7,47.4,-12.1,33.3,53.7,103707009,-23.4,730736122,-22.2,2.79
Jul-09,32.9,23.5,62.5,27.8,38.5,84.3,46.7,-8.9,33.8,46.9,105420240,-23,627097202,-22,2.79
Jun-09,33.6,26.3,68.9,29,39,88.7,44.6,-7.4,36.4,40,95411208,-21.4,521531055,-21.8,2.79
May-09,32.9,27.8,79.7,29.1,37,86.2,34.4,-3.1,37.9,32.2,88757886,-26.4,426142046,-21.8,2.79
Apr-09,30.5,31.7,82.1,27.8,34.6,80.6,31.2,-0.7,37.4,25.4,91934722,-22.6,337420869,-20.5,2.79
Mar-09,28.6,34.8,85,26.8,32.8,104.7,24.4,5.8,37.8,19,90290547,-17.1,245539934,-19.7,2.79
Feb-09,26.5,37,100.3,24.8,33.6,145.9,24.4,13.2,42.3,11,64894649,-25.7,155325420,-21.1,2.79
Nov-08,26.8,23.6,57.4,29.5,21.2,34.7,11.7,5.2,32.6,-6.4,114987285,-2.2,1317161607,19.3,4.14
Oct-08,27.2,24.5,61.8,30,22.3,31.2,14.5,5.8,33.2,-4.3,128327028,19.2,1202330946,21.9,4.14
Sep-08,27.6,25.5,62.8,30.2,23.4,33.7,14.5,6.8,33.4,0.3,136432088,21.5,1074058089,22.2,4.14
Aug-08,27.4,28.1,63.5,28.8,23.6,38.2,14.8,6,32.6,2.9,134872675,21.1,937685294,22.4,4.14
Jul-08,27.3,29.7,61.9,27.9,24.1,41.8,15.3,3.3,31.7,7.7,136675046,26.9,802896208,22.6,4.14
Jun-08,26.8,27.7,69.5,26.6,24,41.8,14.7,2,30.9,11.2,121179554,17.6,666251410,21.8,4.14
May-08,25.6,31.1,66.1,25.6,23.7,42.2,17.6,-3.5,29.3,14.6,120496491,28.1,545055148,22.9,4.14
Apr-08,25.7,29.3,71.6,25.9,23.2,36,18.2,-5.5,28.1,18,118771084,21.8,424614804,21.5,4.14
Mar-08,25.9,30.4,80.8,25.9,25.2,28.3,20.6,-6.5,30,23.2,108962891,30.6,305896908,21.4,4.14
Feb-08,24.3,29,77,26.1,24.9,-0.2,23.7,-6.2,26.5,33.8,87367796,6.5,196990826,16.8,3.33
Nov-07,26.8,25.2,37.6,29.7,29.8,18.6,16.9,19.9,33.6,36.2,117620807,22.8,1103604344,26.2,3.33
Oct-07,26.9,26.1,39.9,29.6,28.9,20,14.3,17.5,32.7,37.5,107723989,22.3,985844777,26.6,3.33
Sep-07,26.4,25.3,41.1,29.3,27.8,19.6,14.5,15.5,32.2,33.2,112373049,22.8,878133656,27.1,3.33
Aug-07,26.7,24.6,42.9,29.5,27.1,18.4,12.7,16.3,32.2,31.5,111354781,22.7,765735670,27.8,3.33
Jul-07,26.6,23.5,46.2,28.9,25.1,17.8,11.6,16,31,25.1,107744104,34.2,654408692,28.7,3.33
Jun-07,26.7,22.7,37.5,29,24.7,18.7,14,13.2,30.2,23,103268286,27.1,546725375,27.6,3.33
May-07,25.9,20.1,35.8,28.9,23.7,15.4,14.1,16.6,29.2,21.5,94065041,28.7,443532791,27.8,3.33
Apr-07,25.5,16.5,29.2,27.4,22,16.7,13.4,15.5,26.4,22.1,97449955,26.8,349497513,27.6,3.33
Mar-07,25.3,15.8,20.3,27,19,10.9,9.5,18.4,21.8,25.2,83424155,6.9,252077273,27.8,3.33
Feb-07,23.4,16.6,24.8,21,17.1,47.3,2.7,10.7,22.9,21.6,82095593,51.7,168710638,41.5,3.33
Nov-06,26.6,16.9,36.8,26.9,28.4,32.9,26.6,12.9,29.6,29.3,95854497,32.8,875042470,27.5,3.33
Oct-06,26.8,16.7,34.9,27.6,28.8,33.1,27.7,12.9,30.8,26.5,88127371,29.6,779285338,26.8,3.33
Sep-06,28.2,16.1,37,30.1,29.6,31.6,28.7,17,32.1,25.6,91629488,30.6,691220295,26.5,3.33
Aug-06,29.1,15.6,38.2,32,30.1,20.7,29.8,18.6,33.4,25.1,90766001,32.8,599633573,25.9,3.33
Jul-06,30.5,16.8,39.4,34.5,31.5,21.8,30.1,21.9,36.1,23.9,80337153,22.5,508902489,24.8,3.33
Jun-06,31.3,17.5,40.2,35,32.4,22.3,29.8,26.6,37.6,23.2,81311219,23.3,428593198,25.2,3.33
May-06,30.3,16.7,36.3,33.5,30.8,29.8,24.1,22.7,37.9,21.3,73113881,25.1,347319717,25.7,3.33
Apr-06,29.6,18.8,33.9,32.3,31.8,33.7,25.1,31,39.3,19.2,76948177,23.8,274233673,25.8,3.33
Mar-06,29.8,20.8,47.1,32.7,35.6,42,33.2,28.7,43.6,17.6,78045837,28.2,197304397,26.6,3.33
Feb-06,26.6,25.1,34.5,28.8,29.7,14,31.9,34.5,38.2,7.9,54108294,22.2,119145856,25.4,3.33
Nov-05,27.8,17.3,24.1,36.4,28.2,20.8,17.9,27.5,37.3,17.3,72217762,18.5,686639826,29.7,3.33
Oct-05,27.6,16.1,20.7,35.9,27.5,22.3,17,30,36.2,16.8,68092010,29.6,614494019,31.1,3.33
Sep-05,27.7,16.4,18.7,35.5,27.2,21.1,15.2,26.9,36.4,17.9,70185509,25.8,546418578,31.3,3.33
Aug-05,27.4,16,20,35.2,27.4,26.7,15,25.1,36.3,19,68399603,33.1,476250887,32.2,3.33
Jul-05,27.2,15.1,17.7,35.4,27.6,24.7,14.8,24.2,35.8,22.4,65584266,28.6,407937844,32,3.33
Jun-05,27.1,15,20.8,35.3,26.5,27,11.8,22.3,35.4,22.6,65959601,30.6,342339735,32.7,3.33
May-05,26.4,15.2,27.5,32.1,25.4,27.8,13.7,29.5,31.3,24.9,58426919,30.2,276396911,33.2,3.33
Apr-05,25.7,15,32.9,30.3,24.1,18.3,15.5,19.8,29.3,25.7,62151250,31.9,218011576,34,3.33
Mar-05,25.3,15.7,39.9,27.7,20.3,17.8,13.6,13.7,22.9,26.7,60869119,32.8,155892042,34.9,3.33
Feb-05,24.5,10.9,69.9,28.3,22.4,37.1,14.4,19.4,22.1,35.8,44273164,29.6,95022915,36.2,3.33
Nov-04,28.9,14.1,24,40.5,30.9,12.8,17.4,24.3,38.2,34.9,60925461,45.9,529606493,35.7,2.7
Oct-04,29.5,12.5,23.1,41.7,31,13,17.1,22.4,38.5,35.7,52523879,28.3,468714984,34.5,2.7
Sep-04,29.9,12.3,21.4,42.4,31.8,12.8,18.5,28,38.2,38.7,55803041,33.1,416236041,35.3,2.7
Aug-04,30.3,11.6,16.3,41.7,32.3,14.3,20.4,28.5,37.9,38.9,51400194,37.4,360593394,35.8,2.7
Jul-04,31.1,10.9,15,42.5,33.6,11.8,25.1,29,38.9,37.7,51003919,33.8,309117938,35.5,2.7
Jun-04,31,11.8,7.2,41.8,34.8,10.3,28.4,24,39.9,38.4,50496344,46.5,258077069,35.7,2.7
May-04,34.8,13.8,11.7,47.8,41.2,7.3,35.6,25.3,47.8,44.8,44867889,32.6,207589890,33.4,2.7
Apr-04,42.8,17.3,17.9,58.1,50.5,27.5,44.3,32.8,58.2,49.3,47124115,32.3,162740555,33.5,2.7
Mar-04,47.8,15.7,0.4,66.6,61.2,13.6,59.2,48.2,70.1,55.6,45847915,42.9,115703508,34.1,2.7
Feb-04,53,14.1,-25.1,78.6,78.3,16.9,82,57.3,86.3,69.1,34157738,39.7,69872176,28.9,2.7
Nov-03,29.6,11.9,4.7,43.8,40.6,3.2,45.3,28.6,46.6,40.1,41761968,33.8,390337678,32.9,2.7
Oct-03,30.2,12.9,7.3,46.5,41.7,2.7,47,31.7,47.7,40.5,40925906,36.7,348597399,32.8,2.7
Sep-03,31.4,13.1,8.5,48.9,42.7,2.1,50.3,32.8,49,38.3,41940698,31.4,307702945,32.3,2.7
Aug-03,32.4,13.8,10.8,51.5,44.4,1.2,52.3,36.5,51,38.3,37415036,27.1,265790528,32.5,2.7
Jul-03,32.7,15,14.9,51,44.8,3.6,50.7,37.6,51.5,40.6,38109608,30.5,228408956,33.4,2.7
Jun-03,32.8,16.5,16.7,51.8,47.4,12.7,55.9,44.1,51.2,41.7,34475859,32.5,190320968,34,2.7
May-03,31.7,15.5,12.4,52.7,46.3,23.8,53.2,53.2,49.4,36.1,33842228,37.3,155857684,34.3,2.7
Apr-03,30.5,12.6,11.6,50.3,44.2,21.4,52.9,46.9,45.3,37.4,35617074,33.3,122023599,33.5,2.7
Mar-03,31.6,10.9,6.6,50.6,47.3,24.5,53.1,52.4,49.3,39.8,32091277,34.7,86316493,33.5,2.7
Feb-03,32.8,10.5,-6.7,58,58.5,30.3,65.1,49.2,60,57.4,24455585,27.8,54224248,32.8,2.7
Nov-02,23.4,16.6,35.2,27.4,28.6,41.6,30.4,23,26.5,28.6,31209190,30,293698135,21.6,2.7
Oct-02,24.1,18.2,35.5,26,28.6,42.2,29.8,19,27.1,27.2,29946376,31.4,262499238,20.6,2.7
Sep-02,24.3,17.6,32.9,25.4,28.8,48.8,27.9,14.1,27.8,27.6,31910755,33,232561916,19.4,2.7
Aug-02,24.2,17.3,30.5,25.7,29.2,57.4,26.3,14.1,28.2,30,29437423,25.1,200694170,17.5,2.7
Jul-02,24.1,18.7,26.6,26,26.4,48.8,24,13.8,25.8,26.6,29209981,27.6,171243082,16.2,2.7
Jun-02,24.4,17.8,25.6,25.3,25.5,51.8,20.6,13.1,25.7,27.4,26012762,17.8,142052144,14.1,2.7
May-02,25.8,19,31,25.2,26.7,38.2,24.8,4.7,28,29.9,24644182,18.4,115990133,13.2,2.7
Apr-02,27.1,24.5,21.7,28.5,26.9,20.8,23.8,13.2,29.8,29.1,26723688,17.2,91350027,11.9,2.7
Mar-02,26.1,23.9,11.7,24.9,25.5,44.6,15.7,11.2,32.6,23.7,23817766,2.9,64657647,9.9,3.24
Feb-02,24.5,21.7,35.6,16.5,30.3,52.5,32.8,12.7,34.4,19.3,19137164,-0.3,40839805,14.1,3.24
Nov-01,16.3,21.8,-5.3,11.4,19.5,13.3,11.4,6.5,24,28.6,24000007,8.3,241569563,6.3,3.24
Oct-01,17.4,20.6,-5.5,13,21.9,13.7,15.5,7.7,26.3,32.1,22790526,0,217578878,6.1,3.24
Sep-01,18.2,21.4,-6.3,13.5,22.7,14.9,17.4,12.1,26.3,32.4,23989367,4.4,194794846,6.9,3.24
Aug-01,18.9,20.8,-8,12.8,24.4,11.2,20.8,13.3,27.9,34.5,23540123,0.9,170993525,7.3,3.24
Jul-01,18.4,22.1,-10.2,12,26.5,18.2,22.1,13.9,29,37,22887692,6.6,147455049,8.4,3.24
Jun-01,17.9,20.7,-11.6,11.5,26.2,5.6,26.2,10.4,27.8,38.3,22081032,-0.5,124574371,8.8,3.24
May-01,17.6,18.7,-11.4,10.7,26.8,8.5,27.5,11,27.4,41,20813507,3.5,102494817,11,3.24
Apr-01,16.5,15.9,-8.8,8.8,26.9,13.3,25.4,16.2,27.9,39.1,22792181,11.2,81757316,13.2,3.24
Mar-01,15.1,19.2,-0.3,8.8,25.7,-5,27.8,13.7,24.9,42.9,23139003,14.9,59274052,14.7,3.24
Feb-01,16.7,18.7,-3.2,9.3,20.5,3.4,30.3,-3.5,18.3,30.4,19198624,29.9,36138676,14.5,3.24
Nov-00,11.7,20.6,13.8,10.5,15.3,26.5,22.6,-11.6,12.8,24.1,22154881,13.8,227239345,30.1,3.24
Oct-00,12.6,20.3,14.7,9,15.7,34.1,21.4,-12.4,13.6,23.6,22799974,25.1,205114068,32.2,3.24
Sep-00,12.9,22.4,14.7,9.8,15.8,28.1,19.8,-16.5,14.7,28,22973290,23.7,182307356,33.1,3.24
Aug-00,12.7,26.8,13.7,10.1,14.3,28.5,19.7,-20.4,13.3,25.2,23329185,27.3,159343218,34.6,3.24
Jul-00,12.6,22.8,15.6,10.1,13.4,24,18.5,-18,12.7,25.3,21478509,23.9,135952014,35.8,3.24
Jun-00,12.1,25.6,14,11.4,13.5,26,17.6,-15.4,13.9,23.7,22192970,44.1,114475608,38.3,3.24
May-00,9.5,27.1,14.6,9.1,11.2,26,13.3,-14.4,11.5,21,20105176,29.4,92283873,36.8,3.24
Apr-00,9.3,31.2,13.8,8.2,11.9,33.1,13.1,-18.7,13.5,20.8,20500392,38.5,72215207,39,3.24
Mar-00,8.5,29.1,5,5.1,12.6,37.3,15.7,-19.5,13.5,24.7,20146482,35.4,51715587,39.1,3.24
Feb-00,8.6,38.2,18.2,7.7,29.2,36.8,37.8,6.7,22.4,68.3,14775380,34.3,31572521,41.2,3.24
